Bahan Batik Potongan Motif Peksi Laras Ati|Bahan|141000|9|https://batikkerisonline.co.id/wp-content/uploads/2026/05/Peksi-Laras-Ati-Bahan-Potongan-Mid-Grey-2-scaled.jpg|https://batikkerisonline.co.id/wp-content/uploads/2026/05/Peksi-Laras-Ati-Bahan-Potongan-Mid-Grey-2-scaled.jpg|BK0|9|Batik Keris asli. Bahan Batik Potongan Motif Peksi Laras Ati. Bahan katun primisima, kualitas premium.
Bahan Batik Potongan Motif Sekar Kinanthi|Bahan|1351000|13|https://batikkerisonline.co.id/wp-content/uploads/2026/05/Sekar-Kinanthi-Bahan-Potongan-Black-2-scaled.jpg|https://batikkerisonline.co.id/wp-content/uploads/2026/05/Sekar-Kinanthi-Bahan-Potongan-Black-2-scaled.jpg|BK1|61|Batik Keris asli. Bahan Batik Potongan Motif Sekar Kinanthi. Bahan katun primisima, kualitas premium.
Bahan Kemeja Batik Semi Pola Motif Buana Carita|Bahan|538000|2|https://batikkerisonline.co.id/wp-content/uploads/2026/05/Buana-Carita-Bahan-Potongan-Semi-Pola-Olive-Green-2-scaled-large.jpg|https://batikkerisonline.co.id/wp-content/uploads/2026/05/Buana-Carita-Bahan-Potongan-Semi-Pola-Olive-Green-2-scaled-large.jpg|BK2|55|Batik Keris asli. Bahan Kemeja Batik Semi Pola Motif Buana Carita. Bahan katun primisima, kualitas premium.
Bahan Kemeja Batik Semi Pola Motif Manik Sekarjati|Bahan|725000|10|https://batikkerisonline.co.id/wp-content/uploads/2026/05/Manik-Sekarjati-Bahan-Potongan-Semi-Pola-Brown-2-scaled.jpg|https://batikkerisonline.co.id/wp-content/uploads/2026/05/Manik-Sekarjati-Bahan-Potongan-Semi-Pola-Brown-2-scaled.jpg|BK3|69|Batik Keris asli. Bahan Kemeja Batik Semi Pola Motif Manik Sekarjati. Bahan katun primisima, kualitas premium.
Bahan Kemeja Batik Semi Pola Motif Merak Ati|Bahan|682000|4|https://batikkerisonline.co.id/wp-content/uploads/2026/04/Merak-Ati-Bahan-Potongan-Semi-Pola-Maroon-2-scaled.jpg|https://batikkerisonline.co.id/wp-content/uploads/2026/04/Merak-Ati-Bahan-Potongan-Semi-Pola-Maroon-2-scaled.jpg|BK4|89|Batik Keris asli. Bahan Kemeja Batik Semi Pola Motif Merak Ati. Bahan katun primisima, kualitas premium.
Bahan Kemeja Batik Semi Pola Motif Swarna Sekar Laras|Bahan|612000|4|https://batikkerisonline.co.id/wp-content/uploads/2026/05/Swarna-Sekar-Laras-Bahan-Potongan-Semi-Pola-Oatmeal-1-scaled.jpg|https://batikkerisonline.co.id/wp-content/uploads/2026/05/Swarna-Sekar-Laras-Bahan-Potongan-Semi-Pola-Oatmeal-1-scaled.jpg|BK5|42|Batik Keris asli. Bahan Kemeja Batik Semi Pola Motif Swarna Sekar Laras. Bahan katun primisima, kualitas premium.
Blouse Batik Lengan Pendek Motif Sekar Kinanthi|Blouse|452000|5|https://batikkerisonline.co.id/wp-content/uploads/2026/04/Sekar-Kinanthi-Blouse-Black-1-scaled.jpg|https://batikkerisonline.co.id/wp-content/uploads/2026/04/Sekar-Kinanthi-Blouse-Black-1-scaled.jpg|BK6|71|Batik Keris asli. Blouse Batik Lengan Pendek Motif Sekar Kinanthi. Bahan katun primisima, kualitas premium.
Dress Anak Batik Lengan Pendek Motif Peksi Laras Ati|Anak|546000|12|https://batikkerisonline.co.id/wp-content/uploads/2026/05/Peksi-Laras-Ati-Dress-Anak-Mid-Grey-1-scaled.jpg|https://batikkerisonline.co.id/wp-content/uploads/2026/05/Peksi-Laras-Ati-Dress-Anak-Mid-Grey-1-scaled.jpg|BK7|92|Batik Keris asli. Dress Anak Batik Lengan Pendek Motif Peksi Laras Ati. Bahan katun primisima, kualitas premium.
Dress Anak Batik Lengan Pendek Motif Sekar Kinanthi|Anak|472000|7|https://batikkerisonline.co.id/wp-content/uploads/2026/05/Sekar-Kinanthi-Dress-Anak-Black-1-scaled.jpg|https://batikkerisonline.co.id/wp-content/uploads/2026/05/Sekar-Kinanthi-Dress-Anak-Black-1-scaled.jpg|BK8|54|Batik Keris asli. Dress Anak Batik Lengan Pendek Motif Sekar Kinanthi. Bahan katun primisima, kualitas premium.
Dress Batik Lengan Pendek Motif Daun Patih|Dress|1057000|6|https://batikkerisonline.co.id/wp-content/uploads/2026/05/Daun-Patih-Dress-Terracotta-Blue-1-scaled.jpg|https://batikkerisonline.co.id/wp-content/uploads/2026/05/Daun-Patih-Dress-Terracotta-Blue-1-scaled.jpg|BK9|70|Batik Keris asli. Dress Batik Lengan Pendek Motif Daun Patih. Bahan katun primisima, kualitas premium.
Dress Batik Lengan Pendek Motif Rona Laras|Dress|816000|4|https://batikkerisonline.co.id/wp-content/uploads/2026/05/Rona-Laras-Dress-Cloud-Grey-1-scaled.jpg|https://batikkerisonline.co.id/wp-content/uploads/2026/05/Rona-Laras-Dress-Cloud-Grey-1-scaled.jpg|BK10|36|Batik Keris asli. Dress Batik Lengan Pendek Motif Rona Laras. Bahan katun primisima, kualitas premium.
Dress Batik Lengan Stali Motif Peksi Laras Ati|Dress|610000|6|https://batikkerisonline.co.id/wp-content/uploads/2026/05/Peksi-Laras-Ati-Dress-scaled.jpg|https://batikkerisonline.co.id/wp-content/uploads/2026/05/Peksi-Laras-Ati-Dress-scaled.jpg|BK11|55|Batik Keris asli. Dress Batik Lengan Stali Motif Peksi Laras Ati. Bahan katun primisima, kualitas premium.
Dress Batik Lengan Stali Motif Swarna Sekar Laras|Dress|558000|13|https://batikkerisonline.co.id/wp-content/uploads/2026/04/Swarna-Sekar-Laras-Dress-Oatmeal-1-scaled.jpg|https://batikkerisonline.co.id/wp-content/uploads/2026/04/Swarna-Sekar-Laras-Dress-Oatmeal-1-scaled.jpg|BK12|3|Batik Keris asli. Dress Batik Lengan Stali Motif Swarna Sekar Laras. Bahan katun primisima, kualitas premium.
Kemeja Anak Batik Lengan Pendek Motif Peksi Laras Ati|Anak|1351000|14|https://batikkerisonline.co.id/wp-content/uploads/2026/05/Peksi-Laras-Ati-Kemeja-Anak-Mid-Grey-1-scaled.jpg|https://batikkerisonline.co.id/wp-content/uploads/2026/05/Peksi-Laras-Ati-Kemeja-Anak-Mid-Grey-1-scaled.jpg|BK13|42|Batik Keris asli. Kemeja Anak Batik Lengan Pendek Motif Peksi Laras Ati. Bahan katun primisima, kualitas premium.
Kemeja Anak Batik Lengan Pendek Motif Sekar Kinanthi|Anak|330000|2|https://batikkerisonline.co.id/wp-content/uploads/2026/05/Sekar-Kinanthi-Kemeja-Anak-Black-1-scaled.jpg|https://batikkerisonline.co.id/wp-content/uploads/2026/05/Sekar-Kinanthi-Kemeja-Anak-Black-1-scaled.jpg|BK14|10|Batik Keris asli. Kemeja Anak Batik Lengan Pendek Motif Sekar Kinanthi. Bahan katun primisima, kualitas premium.
Kemeja Reguler Fit Batik Lengan Panjang Motif Bimantara|Kemeja|1386000|9|https://batikkerisonline.co.id/wp-content/uploads/2026/05/Bimantara-Reg-Fit-Panjang-Brown-1-scaled.jpg|https://batikkerisonline.co.id/wp-content/uploads/2026/05/Bimantara-Reg-Fit-Panjang-Brown-1-scaled.jpg|BK15|56|Batik Keris asli. Kemeja Reguler Fit Batik Lengan Panjang Motif Bimantara. Bahan katun primisima, kualitas premium.
Kemeja Reguler Fit Batik Lengan Panjang Motif Manik Sekarjati|Kemeja|595000|2|https://batikkerisonline.co.id/wp-content/uploads/2026/04/Manik-Sekarjati-Reg-Fit-Panjang-Brown-1-scaled.jpg|https://batikkerisonline.co.id/wp-content/uploads/2026/04/Manik-Sekarjati-Reg-Fit-Panjang-Brown-1-scaled.jpg|BK16|47|Batik Keris asli. Kemeja Reguler Fit Batik Lengan Panjang Motif Manik Sekarjati. Bahan katun primisima, kualitas premium.
Kemeja Reguler Fit Batik Lengan Panjang Motif Rona Laras|Kemeja|1466000|3|https://batikkerisonline.co.id/wp-content/uploads/2026/05/Rona-Laras-Reg-Fit-Panjang-Cloud-Grey-1-1-scaled.jpg|https://batikkerisonline.co.id/wp-content/uploads/2026/05/Rona-Laras-Reg-Fit-Panjang-Cloud-Grey-1-1-scaled.jpg|BK17|65|Batik Keris asli. Kemeja Reguler Fit Batik Lengan Panjang Motif Rona Laras. Bahan katun primisima, kualitas premium.
Kemeja Reguler Fit Batik Lengan Panjang Motif Swarna Sekar Laras|Kemeja|295000|3|https://batikkerisonline.co.id/wp-content/uploads/2026/04/Swarna-Sekar-Laras-Reg-Fit-Panjang-Oatmeal-1-scaled.jpg|https://batikkerisonline.co.id/wp-content/uploads/2026/04/Swarna-Sekar-Laras-Reg-Fit-Panjang-Oatmeal-1-scaled.jpg|BK18|83|Batik Keris asli. Kemeja Reguler Fit Batik Lengan Panjang Motif Swarna Sekar Laras. Bahan katun primisima, kualitas premium.
Kemeja Relaxed Fit Batik Lengan Pendek Motif Buana Carita|Kemeja|595000|6|https://batikkerisonline.co.id/wp-content/uploads/2026/04/Buana-Carita-Relaxed-Fit-Olive-Green-1-scaled.jpg|https://batikkerisonline.co.id/wp-content/uploads/2026/04/Buana-Carita-Relaxed-Fit-Olive-Green-1-scaled.jpg|BK19|58|Batik Keris asli. Kemeja Relaxed Fit Batik Lengan Pendek Motif Buana Carita. Bahan katun primisima, kualitas premium.
Kemeja Relaxed Fit Batik Lengan Pendek Motif Daun Patih SLN|Kemeja|1466000|6|https://batikkerisonline.co.id/wp-content/uploads/2026/05/Daun-Patih-Relaxed-Fit-Terracotta-Blue-1-scaled.jpg|https://batikkerisonline.co.id/wp-content/uploads/2026/05/Daun-Patih-Relaxed-Fit-Terracotta-Blue-1-scaled.jpg|BK20|13|Batik Keris asli. Kemeja Relaxed Fit Batik Lengan Pendek Motif Daun Patih SLN. Bahan katun primisima, kualitas premium.
Kemeja Relaxed Fit Batik Lengan Pendek Motif Peksi Laras Ati|Kemeja|552000|4|https://batikkerisonline.co.id/wp-content/uploads/2026/05/Peksi-Laras-Ati-Kemeja-scaled.jpg|https://batikkerisonline.co.id/wp-content/uploads/2026/05/Peksi-Laras-Ati-Kemeja-scaled.jpg|BK21|40|Batik Keris asli. Kemeja Relaxed Fit Batik Lengan Pendek Motif Peksi Laras Ati. Bahan katun primisima, kualitas premium.
Kemeja Relaxed Fit Batik Lengan Pendek Motif Rona Laras|Kemeja|595000|2|https://batikkerisonline.co.id/wp-content/uploads/2026/05/Rona-Laras-Relaxed-Fit-Cloud-Grey-1-scaled.jpg|https://batikkerisonline.co.id/wp-content/uploads/2026/05/Rona-Laras-Relaxed-Fit-Cloud-Grey-1-scaled.jpg|BK22|85|Batik Keris asli. Kemeja Relaxed Fit Batik Lengan Pendek Motif Rona Laras. Bahan katun primisima, kualitas premium.
Kemeja Relaxed Fit Batik Lengan Pendek Motif Sekar Kinanthi|Kemeja|538000|8|https://batikkerisonline.co.id/wp-content/uploads/2026/05/Sekar-Kinanthi-Relaxed-Fit-Black-1-scaled.jpg|https://batikkerisonline.co.id/wp-content/uploads/2026/05/Sekar-Kinanthi-Relaxed-Fit-Black-1-scaled.jpg|BK23|59|Batik Keris asli. Kemeja Relaxed Fit Batik Lengan Pendek Motif Sekar Kinanthi. Bahan katun primisima, kualitas premium.
Kemeja Relaxed Fit Batik Lengan Pendek Motif Swarna Sekar Laras|Kemeja|667000|9|https://batikkerisonline.co.id/wp-content/uploads/2026/04/Swarna-Sekar-Laras-Relaxed-Fit-Oatmeal-1-scaled.jpg|https://batikkerisonline.co.id/wp-content/uploads/2026/04/Swarna-Sekar-Laras-Relaxed-Fit-Oatmeal-1-scaled.jpg|BK24|4|Batik Keris asli. Kemeja Relaxed Fit Batik Lengan Pendek Motif Swarna Sekar Laras. Bahan katun primisima, kualitas premium.
Kemeja Slimfit Batik Lengan Panjang Motif Buana Carita|Kemeja|531000|5|https://batikkerisonline.co.id/wp-content/uploads/2026/04/Buana-Carita-Slimfit-Panjang-Olive-Green-1-scaled.jpg|https://batikkerisonline.co.id/wp-content/uploads/2026/04/Buana-Carita-Slimfit-Panjang-Olive-Green-1-scaled.jpg|BK25|6|Batik Keris asli. Kemeja Slimfit Batik Lengan Panjang Motif Buana Carita. Bahan katun primisima, kualitas premium.
Kemeja Slimfit Batik Lengan Pendek Motif Bimantara|Kemeja|1335000|6|https://batikkerisonline.co.id/wp-content/uploads/2026/05/Bimantara-Slimfit-Pendek-Brown-1-scaled.jpg|https://batikkerisonline.co.id/wp-content/uploads/2026/05/Bimantara-Slimfit-Pendek-Brown-1-scaled.jpg|BK26|74|Batik Keris asli. Kemeja Slimfit Batik Lengan Pendek Motif Bimantara. Bahan katun primisima, kualitas premium.
Kemeja Slimfit Batik Lengan Pendek Motif Manik Sekarjati|Kemeja|825000|10|https://batikkerisonline.co.id/wp-content/uploads/2026/04/Manik-Sekarjati-Slimfit-Pendek-Brown-1-scaled.jpg|https://batikkerisonline.co.id/wp-content/uploads/2026/04/Manik-Sekarjati-Slimfit-Pendek-Brown-1-scaled.jpg|BK27|18|Batik Keris asli. Kemeja Slimfit Batik Lengan Pendek Motif Manik Sekarjati. Bahan katun primisima, kualitas premium.
Kemeja Slimfit Batik Lengan Pendek Motif Peksi Sinawang|Kemeja|531000|13|https://batikkerisonline.co.id/wp-content/uploads/2026/05/Peksi-Sinawang-Slimfit-Pendek-White-1-scaled.jpg|https://batikkerisonline.co.id/wp-content/uploads/2026/05/Peksi-Sinawang-Slimfit-Pendek-White-1-scaled.jpg|BK28|89|Batik Keris asli. Kemeja Slimfit Batik Lengan Pendek Motif Peksi Sinawang. Bahan katun primisima, kualitas premium.
Outer Batik Lengan 3/4 Motif Rona Laras|Outer|404000|12|https://batikkerisonline.co.id/wp-content/uploads/2026/05/Rona-Laras-Blouse-34-Sand-Cream-1-scaled.jpg|https://batikkerisonline.co.id/wp-content/uploads/2026/05/Rona-Laras-Blouse-34-Sand-Cream-1-scaled.jpg|BK29|86|Batik Keris asli. Outer Batik Lengan 3/4 Motif Rona Laras. Bahan katun primisima, kualitas premium.
